Room Name,page_id
(no title),2b79a4d3-eee2-8080-913a-d52f78c09c0b
FA.0119,2b79a4d3-eee2-8100-a9bf-d83512a8c33e
FA.0102,2b79a4d3-eee2-8104-8822-dad823d3c1a2
ST.0103,2b79a4d3-eee2-8105-ac97-d250a47d8344
ME.0107,2b79a4d3-eee2-8108-b31c-ce8f5e90915d
ME.0101,2b79a4d3-eee2-8109-8a54-efa139c16c41
ID.0206,2b79a4d3-eee2-8109-9254-e7202c1bc407
ME.0115,2b79a4d3-eee2-8109-b415-d7fc907b87cd
FF.0111,2b79a4d3-eee2-810a-95fc-cbcb66c8bc33
AD.0201,2b79a4d3-eee2-810c-a802-c7a0ad742986
FF.0101,2b79a4d3-eee2-810d-837b-d26b3b5f87f9
ST.0204,2b79a4d3-eee2-810d-981f-c0dd30dc39d6
ID.0204,2b79a4d3-eee2-8111-a3f0-fcb0bf8f7a9e
FA.0114,2b79a4d3-eee2-8112-b3b7-d48b9ff20a40
FA.0130,2b79a4d3-eee2-8113-85f8-ee4a4cdf7dd4
ME.0106,2b79a4d3-eee2-8113-9fa4-dd50d1524eff
TE.0108,2b79a4d3-eee2-8114-856c-e80fa0e68a3b
ME.0203,2b79a4d3-eee2-8116-bb9e-c8f19ee760f7
TE.0102,2b79a4d3-eee2-811a-bb98-d86e050c5768
FF.0112,2b79a4d3-eee2-811d-a6df-ccea4ea614aa
FF.0109,2b79a4d3-eee2-811e-b2f3-c7050a8c9474
ID.0203,2b79a4d3-eee2-811f-94d1-ec95728ac422
AM.0101,2b79a4d3-eee2-8121-9532-da8e5b1cc9bc
FA.0120,2b79a4d3-eee2-8122-a5be-d82855d8e6ac
ME.0202,2b79a4d3-eee2-8123-93a9-ea6b3ebee7c7
ID.0201,2b79a4d3-eee2-8126-a978-c5196824532b
ME.0117,2b79a4d3-eee2-8129-8e8c-ead137265082
ME.0114,2b79a4d3-eee2-8129-94c2-fd5ba83b4070
ID.0102,2b79a4d3-eee2-812a-b12e-c193884622a7
ME.0102,2b79a4d3-eee2-812e-968c-cce953f306cd
FA.0101,2b79a4d3-eee2-812f-b515-d63548600702
AM.0103,2b79a4d3-eee2-8132-8151-fc2960f51be1
ST.0202,2b79a4d3-eee2-8137-b98b-e7fa79d8fae4
TE.0106,2b79a4d3-eee2-8139-90ad-c0ba13573999
ST.0105,2b79a4d3-eee2-813d-a61c-ec5462cf3e57
ID.0109,2b79a4d3-eee2-813d-ab52-dbfd362c80f0
ID.0111,2b79a4d3-eee2-813e-8762-e631d00c7254
FF.0104,2b79a4d3-eee2-813f-a984-c2907a94830a
ME.0118,2b79a4d3-eee2-813f-b7e4-f7c3df7c90be
ID.0202,2b79a4d3-eee2-8140-8a31-de9f5eaac288
FA.0113,2b79a4d3-eee2-8140-8ceb-cfa510becc95
FF.0103,2b79a4d3-eee2-8140-aa06-f61ce6dbd0b5
AM.0104,2b79a4d3-eee2-8141-afd0-c41de2b7f705
ST.0304,2b79a4d3-eee2-8141-be8c-d935649d33be
FF.0106,2b79a4d3-eee2-8144-9dd3-c2acc5b2f5a4
ME.0208,2b79a4d3-eee2-8146-b20f-eb20c47f4ec0
ME.0104,2b79a4d3-eee2-814b-accc-e06ec35505e3
FA.0111,2b79a4d3-eee2-814c-a2b6-e138f1bfd41e
FF.0110,2b79a4d3-eee2-814c-b1a3-ffa465a6abe0
TS.0101,2b79a4d3-eee2-814f-96d2-c9f1c119fecd
ME.0109,2b79a4d3-eee2-8150-b909-e5fe115120da
TE.0107,2b79a4d3-eee2-8152-9d47-eaef73e4c3ae
FA.0117,2b79a4d3-eee2-8153-9ab4-cbedef766ab4
ME.0108,2b79a4d3-eee2-8155-a8c4-c0d502159d26
AM.0102,2b79a4d3-eee2-8156-89fc-c133d4e2fb07
ID.0205,2b79a4d3-eee2-8159-a154-eea64c28bb30
ID.0106,2b79a4d3-eee2-815a-8c37-d5179a9eb4ac
ST.0205,2b79a4d3-eee2-815a-a71b-c167c8006e62
AD.0103,2b79a4d3-eee2-815c-a33a-ddf749333e29
ME.0111,2b79a4d3-eee2-815c-b29b-efbed26527f5
ST.0107,2b79a4d3-eee2-815e-b813-db95f21f29d5
ID.0103,2b79a4d3-eee2-815f-964b-e1bd40da5258
FA.0106,2b79a4d3-eee2-8161-9dc2-c6f404ae67ae
FA.0121,2b79a4d3-eee2-8162-a7f0-e133bf08fed7
FA.0124,2b79a4d3-eee2-8163-8265-fe0da3ca5d36
ID.0108,2b79a4d3-eee2-8165-b070-f1b6f559d3ba
FA.0109,2b79a4d3-eee2-8168-a211-e2dde937831f
ID.0104,2b79a4d3-eee2-816d-84d8-ca7a2695ae26
FA.0105,2b79a4d3-eee2-8170-8162-dfffd14df19c
ME.0112,2b79a4d3-eee2-8173-9938-f9d7dfa4d19f
FF.0102,2b79a4d3-eee2-8173-abbe-c6bb4a0f6ba9
TS.0102,2b79a4d3-eee2-8177-a326-c9c643966740
TE.0104,2b79a4d3-eee2-8178-8135-ef9152bcd16c
TE.0115,2b79a4d3-eee2-817a-98eb-fcd708a372f8
FF.0105,2b79a4d3-eee2-817c-8149-dcacf5db76a0
TE.0103,2b79a4d3-eee2-817f-8577-ff8ab27186e1
ST.0104,2b79a4d3-eee2-817f-b175-f90d4ac9c489
ME.0105,2b79a4d3-eee2-8181-a1db-da2230d9956a
TE.0105,2b79a4d3-eee2-8182-af37-f45c93158f93
ME.0207,2b79a4d3-eee2-8183-9bf0-f97c56e86976
ME.0302,2b79a4d3-eee2-8184-b1b0-ea4a818a38b8
ID.0209,2b79a4d3-eee2-8189-9b95-d47ed0cfdd8d
ST.0102,2b79a4d3-eee2-8189-b92d-e246a69003f0
FA.0108,2b79a4d3-eee2-818a-96f7-c96aa33aef01
AD.0102,2b79a4d3-eee2-818e-993e-fe8ea70d3194
FF.0114,2b79a4d3-eee2-8190-9024-f01fe12a7876
ST.0303,2b79a4d3-eee2-8190-ab3f-f526495d803c
AD.0101,2b79a4d3-eee2-8190-be50-fdf7ca525717
TE.0112,2b79a4d3-eee2-8195-a179-f5f529370193
ME.0116,2b79a4d3-eee2-8197-98ed-fb63a9389aaf
ST.0302,2b79a4d3-eee2-8198-9905-fbfbaa57b5ff
TE.0113,2b79a4d3-eee2-819b-91d8-d1f32be9a995
ME.0103,2b79a4d3-eee2-819c-926a-dbd4f88044e0
ID.0110,2b79a4d3-eee2-819c-b418-fb23eb03325f
ME.0201,2b79a4d3-eee2-819d-abd9-e9121f32e605
FA.0129,2b79a4d3-eee2-81a4-834c-cb341c75725d
ME.0205,2b79a4d3-eee2-81ab-a22a-dbeeb5089259
FA.0123,2b79a4d3-eee2-81ab-b4fa-d0377c893bf9
ST.0203,2b79a4d3-eee2-81af-a834-c00cab9cbcb1
FA.0112,2b79a4d3-eee2-81b1-ad5f-f4f27cb65d87
AD.0104,2b79a4d3-eee2-81b2-b938-fbf1f01245fd
WS.0102,2b79a4d3-eee2-81b3-8f4f-db89f0256877
FA.0126,2b79a4d3-eee2-81b3-97ef-d65494358b1b
ME.0110,2b79a4d3-eee2-81b3-a2b1-e17a9dfcc2d4
ME.0204,2b79a4d3-eee2-81b6-8779-d03d008ee117
TS.0105,2b79a4d3-eee2-81b7-a139-dc8bab64acb1
FA.0122,2b79a4d3-eee2-81b7-ae91-c365e8784c2b
FF.0113,2b79a4d3-eee2-81b8-8ed0-f8e0771c2902
FA.0115,2b79a4d3-eee2-81ba-bf46-dcf9da1d7bdc
FF.0107,2b79a4d3-eee2-81bd-9189-cc53e4347ba7
TE.0110,2b79a4d3-eee2-81be-84c2-c617c0a8770d
ID.0105,2b79a4d3-eee2-81bf-8ae2-e143787b1dc2
FA.0127,2b79a4d3-eee2-81c5-827a-c49685817051
FA.0125,2b79a4d3-eee2-81c5-8bf8-dff16e57e5bd
AD.0202,2b79a4d3-eee2-81c8-800a-fcf744a432db
ID.0207,2b79a4d3-eee2-81c9-960c-ce9240131372
AD.0203,2b79a4d3-eee2-81ca-b90f-c2c8e0439f76
ID.0208,2b79a4d3-eee2-81cb-9f6a-f4eaf0033507
TE.0101,2b79a4d3-eee2-81cb-bcf1-dc87757cb960
FA.0116,2b79a4d3-eee2-81cf-b7f6-d4c0c278fc51
TS.0104,2b79a4d3-eee2-81d0-a6ce-d724975b8039
ST.0106,2b79a4d3-eee2-81d2-b5a2-c1b45b41e8dc
FA.0128,2b79a4d3-eee2-81d4-97f4-ca6bf24454b0
FA.0107,2b79a4d3-eee2-81d4-b61a-f8d9abc7539d
WS.0103,2b79a4d3-eee2-81d5-bfe6-fe07c07210ab
WS.0101,2b79a4d3-eee2-81db-befc-d4703e8729fa
TS.0103,2b79a4d3-eee2-81dc-b082-df2af895636f
TE.0114,2b79a4d3-eee2-81de-8982-f50943ab450b
ME.0113,2b79a4d3-eee2-81e3-8ff2-fdc104ace0c2
ST.0108,2b79a4d3-eee2-81e6-8c58-c6858a919023
ID.0101,2b79a4d3-eee2-81e7-a6a5-ec2fa6a1c0bd
TE.0109,2b79a4d3-eee2-81e8-83c0-dcf6c1bba0ba
FA.0103,2b79a4d3-eee2-81e9-9d74-cf015e9664b8
TS.0106,2b79a4d3-eee2-81eb-a208-c59111695fb0
ID.0107,2b79a4d3-eee2-81ec-b991-c457568bf8b5
ME.0206,2b79a4d3-eee2-81ed-a362-f30a24d96fab
TE.0111,2b79a4d3-eee2-81f1-81cc-ef3913f6f4ce
FA.0118,2b79a4d3-eee2-81f1-a1dc-f1623c021e9b
FA.0104,2b79a4d3-eee2-81f3-9d3f-d8a34674b395
FF.0108,2b79a4d3-eee2-81f7-ba2d-e1ab17e70d17
FA.0110,2b79a4d3-eee2-81fa-88ab-ce5d07918253
ME.0301,2b79a4d3-eee2-81fb-bd40-c44b41be91ee
ST.0206,2b79a4d3-eee2-81ff-b3a2-df258028a938
